Date,Description,Amount,Currency,Current_Account,Category,Proposed_Account,Action,Reason,Original_Review_Note
2020-11-26,Topped up account,400.00,AUD,881 Owner Funds Introduced,Account Top-up,881 Owner Funds Introduced,KEEP,Correct,Account top-up - owner funds
2020-11-26,Received money from LEIF OH LEIF DISTRIBUTION PTY LTD with reference,900.00,AUD,881 Owner Funds Introduced,Company Transfer (LOLD),881 Owner Funds Introduced,KEEP,Correct,Transfer from company account
2021-01-31,Received money from LEIF OH LEIF DISTRIBUTION PTY LTD with reference,850.00,AUD,881 Owner Funds Introduced,Company Transfer (LOLD),881 Owner Funds Introduced,KEEP,Correct,Transfer from company account
2021-03-08,Received money from Jonathan Ritzmann with reference Deposit,1048.82,EUR,881 Owner Funds Introduced,Personal - Jonathan,Exclude or Personal Income,RECLASSIFY,Personal transfer,Personal
2021-07-31,Received money from LEIF OH LEIF DISTRIBUTION PTY LTD with reference,350.00,AUD,881 Owner Funds Introduced,Company Transfer (LOLD),881 Owner Funds Introduced,KEEP,Correct,Transfer from company account
2021-09-02,Received money from LEIF OH LEIF DISTRIBUTION PTY LTD with reference,360.00,AUD,881 Owner Funds Introduced,Company Transfer (LOLD),881 Owner Funds Introduced,KEEP,Correct,Transfer from company account
2021-12-04,Received money from MORGAN SCHOERMER with reference,180.00,AUD,881 Owner Funds Introduced,Personal Transfer (Morgan),881 Owner Funds Introduced,KEEP,Correct,Owner funds in
2021-12-15,Received money from Alexandra Dominic with reference Sent from N26 | /a53390c7e14348919b15dbca21deada6,350.00,EUR,881 Owner Funds Introduced,Personal - Alexandra,Exclude or Personal Income,RECLASSIFY,Personal transfer,Personal
2022-01-27,Received money from MORGAN SCHOERMER with reference,500.00,AUD,881 Owner Funds Introduced,Personal Transfer (Morgan),881 Owner Funds Introduced,KEEP,Correct,Owner funds in
2022-02-10,Received money from MORGAN SCHOERMER with reference,400.00,AUD,881 Owner Funds Introduced,Personal Transfer (Morgan),881 Owner Funds Introduced,KEEP,Correct,Owner funds in
2022-02-16,Received money from MORGAN SCHOERMER with reference,331.00,AUD,881 Owner Funds Introduced,Personal Transfer (Morgan),881 Owner Funds Introduced,KEEP,Correct,Owner funds in
2022-02-18,Received money from MORGAN SCHOERMER with reference,400.00,AUD,881 Owner Funds Introduced,Personal Transfer (Morgan),881 Owner Funds Introduced,KEEP,Correct,Owner funds in
2022-02-19,Received money from MORGAN SCHOERMER with reference,500.00,AUD,881 Owner Funds Introduced,Personal Transfer (Morgan),881 Owner Funds Introduced,KEEP,Correct,Owner funds in
2022-02-22,Received money from CRAIG WAH DAY with reference,1280.20,AUD,881 Owner Funds Introduced,Personal - Craig,Exclude,REMOVE,Personal transfer/gift,Personal
2022-02-23,Received money from MORGAN SCHOERMER with reference,1200.00,AUD,881 Owner Funds Introduced,Personal Transfer (Morgan),881 Owner Funds Introduced,KEEP,Correct,Owner funds in
2022-02-23,Received money from MORGAN SCHOERMER with reference,898.00,AUD,881 Owner Funds Introduced,Personal Transfer (Morgan),881 Owner Funds Introduced,KEEP,Correct,Owner funds in
2022-03-01,Received money from MORGAN SCHOERMER with reference,480.00,AUD,881 Owner Funds Introduced,Personal Transfer (Morgan),881 Owner Funds Introduced,KEEP,Correct,Owner funds in
2022-03-03,Received money from MORGAN SCHOERMER with reference,500.00,AUD,881 Owner Funds Introduced,Personal Transfer (Morgan),881 Owner Funds Introduced,KEEP,Correct,Owner funds in
2022-03-06,Received money from CRAIG WAH DAY with reference,400.00,AUD,881 Owner Funds Introduced,Personal - Craig,Exclude,REMOVE,Personal transfer/gift,Personal
2022-07-09,Received money from MORGAN SCHOERMER with reference,652.82,AUD,881 Owner Funds Introduced,Personal Transfer (Morgan),881 Owner Funds Introduced,KEEP,Correct,Owner funds in
2022-07-10,Received money from MORGAN SCHOERMER with reference,2000.00,AUD,881 Owner Funds Introduced,Personal Transfer (Morgan),881 Owner Funds Introduced,KEEP,Correct,Owner funds in
2022-07-13,Received money from MORGAN SCHOERMER with reference,981.00,AUD,881 Owner Funds Introduced,Personal Transfer (Morgan),881 Owner Funds Introduced,KEEP,Correct,Owner funds in
2022-07-25,Received money from MORGAN SCHOERMER with reference,667.13,AUD,881 Owner Funds Introduced,Personal Transfer (Morgan),881 Owner Funds Introduced,KEEP,Correct,Owner funds in
2022-07-30,Received money from MORGAN SCHOERMER with reference,1000.00,AUD,881 Owner Funds Introduced,Personal Transfer (Morgan),881 Owner Funds Introduced,KEEP,Correct,Owner funds in
2022-07-30,Received money from MORGAN SCHOERMER with reference,608.70,AUD,881 Owner Funds Introduced,Personal Transfer (Morgan),881 Owner Funds Introduced,KEEP,Correct,Owner funds in
2022-08-06,Received money from MORGAN SCHOERMER with reference,157.36,AUD,881 Owner Funds Introduced,Personal Transfer (Morgan),881 Owner Funds Introduced,KEEP,Correct,Owner funds in
2022-08-07,Received money from MORGAN SCHOERMER with reference,200.00,AUD,881 Owner Funds Introduced,Personal Transfer (Morgan),881 Owner Funds Introduced,KEEP,Correct,Owner funds in
2022-08-11,Received money from MORGAN SCHOERMER with reference,100.00,AUD,881 Owner Funds Introduced,Personal Transfer (Morgan),881 Owner Funds Introduced,KEEP,Correct,Owner funds in
2022-08-24,Received money from MORGAN SCHOERMER with reference,100.00,AUD,881 Owner Funds Introduced,Personal Transfer (Morgan),881 Owner Funds Introduced,KEEP,Correct,Owner funds in
2022-09-01,Received money from CRAIG WAH DAY with reference,560.00,AUD,881 Owner Funds Introduced,Personal - Craig,Exclude,REMOVE,Personal transfer/gift,Personal
2022-09-06,Received money from MORGAN SCHOERMER with reference,348.70,AUD,881 Owner Funds Introduced,Personal Transfer (Morgan),881 Owner Funds Introduced,KEEP,Correct,Owner funds in
2022-09-15,Received money from MORGAN SCHOERMER with reference,350.00,AUD,881 Owner Funds Introduced,Personal Transfer (Morgan),881 Owner Funds Introduced,KEEP,Correct,Owner funds in
2022-11-02,Received money from MORGAN SCHOERMER with reference,1100.00,AUD,881 Owner Funds Introduced,Personal Transfer (Morgan),881 Owner Funds Introduced,KEEP,Correct,Owner funds in
2023-01-08,Received money from MORGAN SCHOERMER with reference,100.00,AUD,881 Owner Funds Introduced,Personal Transfer (Morgan),881 Owner Funds Introduced,KEEP,Correct,Owner funds in
2023-01-25,Received money from MORGAN SCHOERMER with reference,100.00,AUD,881 Owner Funds Introduced,Personal Transfer (Morgan),881 Owner Funds Introduced,KEEP,Correct,Owner funds in
2023-04-21,Received money from CRAIG WAH DAY with reference,244.00,AUD,881 Owner Funds Introduced,Personal - Craig,Exclude,REMOVE,Personal transfer/gift,Personal
2023-07-11,Received money from LEIF OH LEIF DISTRIBUTION PTY LTD with reference,2500.00,AUD,881 Owner Funds Introduced,Company Transfer (LOLD),881 Owner Funds Introduced,KEEP,Correct,Transfer from company account
2023-07-15,Received money from LEIF OH LEIF DISTRIBUTION PTY LTD with reference,463.00,AUD,881 Owner Funds Introduced,Company Transfer (LOLD),881 Owner Funds Introduced,KEEP,Correct,Transfer from company account
2023-07-19,Received money from LEIF OH LEIF DISTRIBUTION PTY LTD with reference,484.11,AUD,881 Owner Funds Introduced,Company Transfer (LOLD),881 Owner Funds Introduced,KEEP,Correct,Transfer from company account
2023-07-24,Received money from LEIF OH LEIF DISTRIBUTION PTY LTD with reference,300.00,AUD,881 Owner Funds Introduced,Company Transfer (LOLD),881 Owner Funds Introduced,KEEP,Correct,Transfer from company account
2023-08-02,Received money from LEIF OH LEIF DISTRIBUTION PTY LTD with reference,200.00,AUD,881 Owner Funds Introduced,Company Transfer (LOLD),881 Owner Funds Introduced,KEEP,Correct,Transfer from company account
2023-08-02,Topped up account,6.00,AUD,881 Owner Funds Introduced,Account Top-up,881 Owner Funds Introduced,KEEP,Correct,Account top-up - owner funds
2023-08-04,Received money from MORGAN SCHOERMER with reference,100.00,AUD,881 Owner Funds Introduced,Personal Transfer (Morgan),881 Owner Funds Introduced,KEEP,Correct,Owner funds in
2023-08-06,Received money from LEIF OH LEIF DISTRIBUTION PTY LTD with reference,150.00,AUD,881 Owner Funds Introduced,Company Transfer (LOLD),881 Owner Funds Introduced,KEEP,Correct,Transfer from company account
2023-08-16,Received 297.00 AUD from schoermer morgan,297.00,AUD,881 Owner Funds Introduced,Personal Transfer (Morgan),881 Owner Funds Introduced,KEEP,Correct,Owner funds in
2023-08-22,Received money from LEIF OH LEIF DISTRIBUTION PTY LTD with reference,334.00,AUD,881 Owner Funds Introduced,Company Transfer (LOLD),881 Owner Funds Introduced,KEEP,Correct,Transfer from company account
2023-08-22,Received money from LEIF OH LEIF DISTRIBUTION PTY LTD with reference,2300.00,AUD,881 Owner Funds Introduced,Company Transfer (LOLD),881 Owner Funds Introduced,KEEP,Correct,Transfer from company account
2023-08-25,Received money from LEIF OH LEIF DISTRIBUTION PTY LTD with reference,200.00,AUD,881 Owner Funds Introduced,Company Transfer (LOLD),881 Owner Funds Introduced,KEEP,Correct,Transfer from company account
2023-08-26,Received money from LEIF OH LEIF DISTRIBUTION PTY LTD with reference,800.00,AUD,881 Owner Funds Introduced,Company Transfer (LOLD),881 Owner Funds Introduced,KEEP,Correct,Transfer from company account
2023-10-04,Received money from LEIF OH LEIF DISTRIBUTION PTY LTD with reference,1300.00,AUD,881 Owner Funds Introduced,Company Transfer (LOLD),881 Owner Funds Introduced,KEEP,Correct,Transfer from company account
2023-10-10,Received money from LEIF OH LEIF DISTRIBUTION PTY LTD with reference,1500.00,AUD,881 Owner Funds Introduced,Company Transfer (LOLD),881 Owner Funds Introduced,KEEP,Correct,Transfer from company account
2023-10-11,Received money from LEIF OH LEIF DISTRIBUTION PTY LTD with reference,300.00,AUD,881 Owner Funds Introduced,Company Transfer (LOLD),881 Owner Funds Introduced,KEEP,Correct,Transfer from company account
2023-10-13,Received money from LEIF OH LEIF DISTRIBUTION PTY LTD with reference,274.00,AUD,881 Owner Funds Introduced,Company Transfer (LOLD),881 Owner Funds Introduced,KEEP,Correct,Transfer from company account
2023-10-15,Received money from LEIF OH LEIF DISTRIBUTION PTY LTD with reference,500.00,AUD,881 Owner Funds Introduced,Company Transfer (LOLD),881 Owner Funds Introduced,KEEP,Correct,Transfer from company account
2023-12-13,Received money from LEIF OH LEIF DISTRIBUTION PTY LTD with reference,100.00,AUD,881 Owner Funds Introduced,Company Transfer (LOLD),881 Owner Funds Introduced,KEEP,Correct,Transfer from company account
2024-01-08,Received money from LEIF OH LEIF DIS with reference,800.00,AUD,881 Owner Funds Introduced,Company Transfer (LOLD),881 Owner Funds Introduced,KEEP,Correct,Transfer from company account
2024-05-08,Received money from LEIF OH LEIF DIS with reference,350.00,AUD,881 Owner Funds Introduced,Company Transfer (LOLD),881 Owner Funds Introduced,KEEP,Correct,Transfer from company account
2024-05-10,Received money from LEIF OH LEIF DIS with reference,350.00,AUD,881 Owner Funds Introduced,Company Transfer (LOLD),881 Owner Funds Introduced,KEEP,Correct,Transfer from company account
2024-05-13,Received money from LEIF OH LEIF DIS with reference,250.00,AUD,881 Owner Funds Introduced,Company Transfer (LOLD),881 Owner Funds Introduced,KEEP,Correct,Transfer from company account
2024-05-23,Received money from LEIF OH LEIF DIS with reference,150.00,AUD,881 Owner Funds Introduced,Company Transfer (LOLD),881 Owner Funds Introduced,KEEP,Correct,Transfer from company account
2024-05-28,Received money from LEIF OH LEIF DIS with reference,100.00,AUD,881 Owner Funds Introduced,Company Transfer (LOLD),881 Owner Funds Introduced,KEEP,Correct,Transfer from company account
2024-07-08,Received money from LEIF OH LEIF DIS with reference Fabric,500.00,AUD,881 Owner Funds Introduced,Company Transfer (LOLD),881 Owner Funds Introduced,KEEP,Correct,Transfer from company account
2024-07-09,Received money from LEIF OH LEIF DIS with reference Wise,150.00,AUD,881 Owner Funds Introduced,Company Transfer (LOLD),881 Owner Funds Introduced,KEEP,Correct,Transfer from company account
2024-07-22,Received money from MORGAN SCHOERMER with reference Fabric,2800.00,AUD,881 Owner Funds Introduced,Personal Transfer (Morgan),881 Owner Funds Introduced,KEEP,Correct,Owner funds in
2024-07-22,Received money from LEIF OH LEIF DIS with reference Fabrics,4800.00,AUD,881 Owner Funds Introduced,Company Transfer (LOLD),881 Owner Funds Introduced,KEEP,Correct,Transfer from company account
2024-07-23,Received money from MORGAN SCHOERMER with reference Fabric,700.00,AUD,881 Owner Funds Introduced,Personal Transfer (Morgan),881 Owner Funds Introduced,KEEP,Correct,Owner funds in
2024-07-23,Received money from MORGAN SCHOERMER with reference Fabric,200.00,AUD,881 Owner Funds Introduced,Personal Transfer (Morgan),881 Owner Funds Introduced,KEEP,Correct,Owner funds in
2024-08-21,Received money from MORGAN SCHOERMER with reference Hong Kong,2000.00,AUD,881 Owner Funds Introduced,Personal Transfer (Morgan),881 Owner Funds Introduced,KEEP,Correct,Owner funds in
2024-08-24,Received money from Maxine Lucia Pemble with reference Love you x,2640.00,HKD,881 Owner Funds Introduced,Loan Repayment (Maxine),Exclude,REMOVE,Loan repayment (not taxable),Personal - loan repayment (not taxable)
2024-08-24,Received money from Maxine Lucia Pemble with reference,2774.00,HKD,881 Owner Funds Introduced,Loan Repayment (Maxine),Exclude,REMOVE,Loan repayment (not taxable),Personal - loan repayment (not taxable)
2024-09-19,Received money from JODIE ANN EHMER ATF JAMES ROBERT CLEARY with | reference NOTPROVIDED,250.00,AUD,881 Owner Funds Introduced,Flatmate/Partner Rent,TBD - Personal Income or Exclude,RECLASSIFY,Rent from girlfriend/flatmate,Personal - rent/bills/car
2024-09-20,Received money from JODIE ANN EHMER ATF JAMES ROBERT CLEARY with | reference NOTPROVIDED,250.00,AUD,881 Owner Funds Introduced,Flatmate/Partner Rent,TBD - Personal Income or Exclude,RECLASSIFY,Rent from girlfriend/flatmate,Personal - rent/bills/car
2024-09-25,Received money from JODIE ANN EHMER ATF JAMES ROBERT CLEARY with | reference NOTPROVIDED,250.00,AUD,881 Owner Funds Introduced,Flatmate/Partner Rent,TBD - Personal Income or Exclude,RECLASSIFY,Rent from girlfriend/flatmate,Personal - rent/bills/car
2024-09-26,Received money from JODIE ANN EHMER ATF JAMES ROBERT CLEARY with | reference NOTPROVIDED,250.00,AUD,881 Owner Funds Introduced,Flatmate/Partner Rent,TBD - Personal Income or Exclude,RECLASSIFY,Rent from girlfriend/flatmate,Personal - rent/bills/car
2024-10-13,Received money from MORGAN K SCHOERMER with reference | NOTPROVIDED,50.00,AUD,881 Owner Funds Introduced,Personal Transfer (Morgan),881 Owner Funds Introduced,KEEP,Correct,Owner funds in
2024-10-15,Received money from MORGAN K SCHOERMER with reference | NOTPROVIDED,500.00,AUD,881 Owner Funds Introduced,Personal Transfer (Morgan),881 Owner Funds Introduced,KEEP,Correct,Owner funds in
2024-10-31,Received money from JODIE ANN EHMER ATF JAMES ROBERT CLEARY with | reference NOTPROVIDED,200.00,AUD,881 Owner Funds Introduced,Flatmate/Partner Rent,TBD - Personal Income or Exclude,RECLASSIFY,Rent from girlfriend/flatmate,Personal - rent/bills/car
2024-11-01,Received money from JODIE ANN EHMER ATF JAMES ROBERT CLEARY with | reference NOTPROVIDED,250.00,AUD,881 Owner Funds Introduced,Flatmate/Partner Rent,TBD - Personal Income or Exclude,RECLASSIFY,Rent from girlfriend/flatmate,Personal - rent/bills/car
2024-11-02,Received money from JAMES ROBERT CLEARY BUSINESS EVERYDAY AC | with reference NOTPROVIDED,1000.00,AUD,881 Owner Funds Introduced,Flatmate/Partner Rent,TBD - Personal Income or Exclude,RECLASSIFY,Rent from girlfriend/flatmate,Personal - rent/bills
2024-11-08,Received money from MORGAN K SCHOERMER with reference | NOTPROVIDED,450.00,AUD,881 Owner Funds Introduced,Personal Transfer (Morgan),881 Owner Funds Introduced,KEEP,Correct,Owner funds in
2024-11-12,Received money from MORGAN K SCHOERMER with reference | NOTPROVIDED,500.00,AUD,881 Owner Funds Introduced,Personal Transfer (Morgan),881 Owner Funds Introduced,KEEP,Correct,Owner funds in
2024-11-21,Received money from MORGAN K SCHOERMER with reference | NOTPROVIDED,340.00,AUD,881 Owner Funds Introduced,Personal Transfer (Morgan),881 Owner Funds Introduced,KEEP,Correct,Owner funds in
2024-11-22,Received money from MORGAN K SCHOERMER with reference | NOTPROVIDED,220.00,AUD,881 Owner Funds Introduced,Personal Transfer (Morgan),881 Owner Funds Introduced,KEEP,Correct,Owner funds in
2024-11-23,Received money from CORY GENE EATON with reference NOTPROVIDED,300.00,AUD,881 Owner Funds Introduced,Personal - Cory Eaton,Exclude,REMOVE,Personal transfer/gift,Personal
2024-11-23,Received money from JODIE ANN EHMER ATF JAMES ROBERT CLEARY with | reference NOTPROVIDED,500.00,AUD,881 Owner Funds Introduced,Flatmate/Partner Rent,TBD - Personal Income or Exclude,RECLASSIFY,Rent from girlfriend/flatmate,Personal - rent/bills/car
2024-12-06,Received money from JODIE ANN EHMER ATF JAMES ROBERT CLEARY with | reference NOTPROVIDED,800.00,AUD,881 Owner Funds Introduced,Flatmate/Partner Rent,TBD - Personal Income or Exclude,RECLASSIFY,Rent from girlfriend/flatmate,Personal - rent/bills/car
2024-12-10,Received money from MR DANIEL THOMAS SMITH with reference | NOTPROVIDED,300.00,AUD,881 Owner Funds Introduced,Flatmate Rent (Dan),TBD - Personal Income or Exclude,RECLASSIFY,Flatmate rent (potentially taxable),Personal - flatmate rent
2024-12-15,Received money from JODIE ANN EHMER ATF JAMES ROBERT CLEARY with | reference NOTPROVIDED,300.00,AUD,881 Owner Funds Introduced,Flatmate/Partner Rent,TBD - Personal Income or Exclude,RECLASSIFY,Rent from girlfriend/flatmate,Personal - rent/bills/car
2024-12-18,Received money from SMITH D T with reference Rent,300.00,AUD,881 Owner Funds Introduced,Flatmate Rent (Dan),TBD - Personal Income or Exclude,RECLASSIFY,Flatmate rent (potentially taxable),Personal - flatmate rent
2024-12-20,Received money from JODIE ANN EHMER ATF JAMES ROBERT CLEARY with | reference NOTPROVIDED,300.00,AUD,881 Owner Funds Introduced,Flatmate/Partner Rent,TBD - Personal Income or Exclude,RECLASSIFY,Rent from girlfriend/flatmate,Personal - rent/bills/car
2024-12-20,Received money from JODIE ANN EHMER ATF JAMES ROBERT CLEARY with | reference NOTPROVIDED,300.00,AUD,881 Owner Funds Introduced,Flatmate/Partner Rent,TBD - Personal Income or Exclude,RECLASSIFY,Rent from girlfriend/flatmate,Personal - rent/bills/car
2024-12-21,Received money from JODIE ANN EHMER ATF JAMES ROBERT CLEARY with | reference NOTPROVIDED,300.00,AUD,881 Owner Funds Introduced,Flatmate/Partner Rent,TBD - Personal Income or Exclude,RECLASSIFY,Rent from girlfriend/flatmate,Personal - rent/bills/car
2024-12-23,Received money from SMITH D T with reference Rent,300.00,AUD,881 Owner Funds Introduced,Flatmate Rent (Dan),TBD - Personal Income or Exclude,RECLASSIFY,Flatmate rent (potentially taxable),Personal - flatmate rent
2024-12-24,Received money from JODIE ANN EHMER ATF JAMES ROBERT CLEARY with | reference NOTPROVIDED,300.00,AUD,881 Owner Funds Introduced,Flatmate/Partner Rent,TBD - Personal Income or Exclude,RECLASSIFY,Rent from girlfriend/flatmate,Personal - rent/bills/car
2024-12-26,Received money from JODIE ANN EHMER ATF JAMES ROBERT CLEARY with | reference NOTPROVIDED,150.00,AUD,881 Owner Funds Introduced,Flatmate/Partner Rent,TBD - Personal Income or Exclude,RECLASSIFY,Rent from girlfriend/flatmate,Personal - rent/bills/car
2024-12-26,Received money from JODIE ANN EHMER ATF JAMES ROBERT CLEARY with | reference NOTPROVIDED,250.00,AUD,881 Owner Funds Introduced,Flatmate/Partner Rent,TBD - Personal Income or Exclude,RECLASSIFY,Rent from girlfriend/flatmate,Personal - rent/bills/car
2024-12-29,Received money from CORY GENE EATON with reference NOTPROVIDED,600.00,AUD,881 Owner Funds Introduced,Personal - Cory Eaton,Exclude,REMOVE,Personal transfer/gift,Personal
2024-12-30,Received money from JAMES ROBERT CLEARY BUSINESS EVERYDAY AC | with reference NOTPROVIDED,300.00,AUD,881 Owner Funds Introduced,Flatmate/Partner Rent,TBD - Personal Income or Exclude,RECLASSIFY,Rent from girlfriend/flatmate,Personal - rent/bills
2024-12-30,Received money from SMITH D T with reference Rent,300.00,AUD,881 Owner Funds Introduced,Flatmate Rent (Dan),TBD - Personal Income or Exclude,RECLASSIFY,Flatmate rent (potentially taxable),Personal - flatmate rent
2025-01-01,Received money from JOSEPH MATTHEW POWER with reference | NOTPROVIDED,175.00,AUD,881 Owner Funds Introduced,Personal - Joseph,Exclude or Personal Income,RECLASSIFY,Personal transfer,Personal
2025-01-01,Received money from JOSEPH MATTHEW POWER with reference | NOTPROVIDED,175.00,AUD,881 Owner Funds Introduced,Personal - Joseph,Exclude or Personal Income,RECLASSIFY,Personal transfer,Personal
2025-01-05,Received money from ERWIN EDWARD MACDOWELL with reference | NOTPROVIDED,4000.00,AUD,881 Owner Funds Introduced,Car Sale,Exclude,REMOVE,Personal asset sale,Personal - car sale
2025-01-06,Received money from SMITH D T with reference Rent,300.00,AUD,881 Owner Funds Introduced,Flatmate Rent (Dan),TBD - Personal Income or Exclude,RECLASSIFY,Flatmate rent (potentially taxable),Personal - flatmate rent
2025-01-08,Received money from MR DANIEL THOMAS SMITH with reference | NOTPROVIDED,300.00,AUD,881 Owner Funds Introduced,Flatmate Rent (Dan),TBD - Personal Income or Exclude,RECLASSIFY,Flatmate rent (potentially taxable),Personal - flatmate rent
2025-01-13,Received money from SMITH D T with reference 85895,300.00,AUD,881 Owner Funds Introduced,Flatmate Rent (Dan),TBD - Personal Income or Exclude,RECLASSIFY,Flatmate rent (potentially taxable),Personal - flatmate rent
2025-01-20,Received money from SMITH D T with reference 14484,300.00,AUD,881 Owner Funds Introduced,Flatmate Rent (Dan),TBD - Personal Income or Exclude,RECLASSIFY,Flatmate rent (potentially taxable),Personal - flatmate rent
2025-01-22,Received money from JODIE ANN EHMER ATF JAMES ROBERT CLEARY with | reference NOTPROVIDED,100.00,AUD,881 Owner Funds Introduced,Flatmate/Partner Rent,TBD - Personal Income or Exclude,RECLASSIFY,Rent from girlfriend/flatmate,Personal - rent/bills/car
2025-01-22,Received money from JAMES ROBERT CLEARY BUSINESS EVERYDAY AC | with reference NOTPROVIDED,100.00,AUD,881 Owner Funds Introduced,Flatmate/Partner Rent,TBD - Personal Income or Exclude,RECLASSIFY,Rent from girlfriend/flatmate,Personal - rent/bills
2025-01-23,Received money from JAMES ROBERT CLEARY BUSINESS EVERYDAY AC | with reference NOTPROVIDED,300.00,AUD,881 Owner Funds Introduced,Flatmate/Partner Rent,TBD - Personal Income or Exclude,RECLASSIFY,Rent from girlfriend/flatmate,Personal - rent/bills
2025-01-28,Received money from LEIF OH LEIF DISTRIBUTION PTY LTD with reference | NOTPROVIDED,300.00,AUD,881 Owner Funds Introduced,Company Transfer (LOLD),881 Owner Funds Introduced,KEEP,Correct,Transfer from company account
2025-01-28,Received money from SMITH D T with reference 40210,300.00,AUD,881 Owner Funds Introduced,Flatmate Rent (Dan),TBD - Personal Income or Exclude,RECLASSIFY,Flatmate rent (potentially taxable),Personal - flatmate rent
2025-01-29,Received money from JODIE ANN EHMER ATF JAMES ROBERT CLEARY with | reference NOTPROVIDED,350.00,AUD,881 Owner Funds Introduced,Flatmate/Partner Rent,TBD - Personal Income or Exclude,RECLASSIFY,Rent from girlfriend/flatmate,Personal - rent/bills/car
2025-01-30,Received money from JODIE ANN EHMER ATF JAMES ROBERT CLEARY with | reference NOTPROVIDED,150.00,AUD,881 Owner Funds Introduced,Flatmate/Partner Rent,TBD - Personal Income or Exclude,RECLASSIFY,Rent from girlfriend/flatmate,Personal - rent/bills/car
2025-02-02,Received money from JODIE ANN EHMER ATF JAMES ROBERT CLEARY with | reference NOTPROVIDED,300.00,AUD,881 Owner Funds Introduced,Flatmate/Partner Rent,TBD - Personal Income or Exclude,RECLASSIFY,Rent from girlfriend/flatmate,Personal - rent/bills/car
2025-02-03,Received money from SMITH D T with reference 67642,300.00,AUD,881 Owner Funds Introduced,Flatmate Rent (Dan),TBD - Personal Income or Exclude,RECLASSIFY,Flatmate rent (potentially taxable),Personal - flatmate rent
2025-02-05,Received money from JODIE ANN EHMER ATF JAMES ROBERT CLEARY with | reference NOTPROVIDED,200.00,AUD,881 Owner Funds Introduced,Flatmate/Partner Rent,TBD - Personal Income or Exclude,RECLASSIFY,Rent from girlfriend/flatmate,Personal - rent/bills/car
2025-02-06,"Card transaction of -2,004.00 AUD issued by Westpachamilton Qld 1 | HAMILTON 4",2032.95,AUD,881 Owner Funds Introduced,Card Refund/Reversal,NEEDS REVIEW,RECLASSIFY,Investigate refund/reversal,Card refund/reversal matched to Owner A Funds Introduced
2025-02-06,Received money from ERWIN EDWARD MACDOWELL with reference | NOTPROVIDED,4000.00,AUD,881 Owner Funds Introduced,Car Sale,Exclude,REMOVE,Personal asset sale,Personal - car sale
2025-02-08,Received money from ERWIN EDWARD MACDOWELL with reference | NOTPROVIDED,600.00,AUD,881 Owner Funds Introduced,Car Sale,Exclude,REMOVE,Personal asset sale,Personal - car sale
2025-02-11,Received money from ERWIN EDWARD MACDOWELL with reference | NOTPROVIDED,1000.00,AUD,881 Owner Funds Introduced,Car Sale,Exclude,REMOVE,Personal asset sale,Personal - car sale
2025-02-12,Received money from JODIE ANN EHMER ATF JAMES ROBERT CLEARY with | reference NOTPROVIDED,150.00,AUD,881 Owner Funds Introduced,Flatmate/Partner Rent,TBD - Personal Income or Exclude,RECLASSIFY,Rent from girlfriend/flatmate,Personal - rent/bills/car
2025-02-12,Received money from JODIE ANN EHMER ATF JAMES ROBERT CLEARY with | reference NOTPROVIDED,150.00,AUD,881 Owner Funds Introduced,Flatmate/Partner Rent,TBD - Personal Income or Exclude,RECLASSIFY,Rent from girlfriend/flatmate,Personal - rent/bills/car
2025-02-12,Received money from JODIE ANN EHMER ATF JAMES ROBERT CLEARY with | reference NOTPROVIDED,200.00,AUD,881 Owner Funds Introduced,Flatmate/Partner Rent,TBD - Personal Income or Exclude,RECLASSIFY,Rent from girlfriend/flatmate,Personal - rent/bills/car
2025-02-15,Received money from JODIE ANN EHMER ATF JAMES ROBERT CLEARY with | reference NOTPROVIDED,300.00,AUD,881 Owner Funds Introduced,Flatmate/Partner Rent,TBD - Personal Income or Exclude,RECLASSIFY,Rent from girlfriend/flatmate,Personal - rent/bills/car
2025-02-15,Received money from MR DANIEL THOMAS SMITH with reference | NOTPROVIDED,600.00,AUD,881 Owner Funds Introduced,Flatmate Rent (Dan),TBD - Personal Income or Exclude,RECLASSIFY,Flatmate rent (potentially taxable),Personal - flatmate rent
2025-02-20,Received money from GARY LEE TRIGGS with reference NOTPROVIDED,250.00,AUD,881 Owner Funds Introduced,Car Sale Repayment,Exclude,REMOVE,Car sale repayment,Personal - car sale repayment
2025-02-25,Received money from MR DANIEL THOMAS SMITH with reference | NOTPROVIDED,200.00,AUD,881 Owner Funds Introduced,Flatmate Rent (Dan),TBD - Personal Income or Exclude,RECLASSIFY,Flatmate rent (potentially taxable),Personal - flatmate rent
2025-02-25,Received money from LEIF OH LEIF DISTRIBUTION PTY LTD with reference | NOTPROVIDED,100.00,AUD,881 Owner Funds Introduced,Company Transfer (LOLD),881 Owner Funds Introduced,KEEP,Correct,Transfer from company account
2025-03-04,Received money from MR DANIEL THOMAS SMITH with reference | NOTPROVIDED,300.00,AUD,881 Owner Funds Introduced,Flatmate Rent (Dan),TBD - Personal Income or Exclude,RECLASSIFY,Flatmate rent (potentially taxable),Personal - flatmate rent
2025-03-05,Received money from JODIE ANN EHMER ATF JAMES ROBERT CLEARY with | reference NOTPROVIDED,100.00,AUD,881 Owner Funds Introduced,Flatmate/Partner Rent,TBD - Personal Income or Exclude,RECLASSIFY,Rent from girlfriend/flatmate,Personal - rent/bills/car
2025-03-05,Received money from JODIE ANN EHMER ATF JAMES ROBERT CLEARY with | reference NOTPROVIDED,250.00,AUD,881 Owner Funds Introduced,Flatmate/Partner Rent,TBD - Personal Income or Exclude,RECLASSIFY,Rent from girlfriend/flatmate,Personal - rent/bills/car
2025-03-11,Received money from MR DANIEL THOMAS SMITH with reference | NOTPROVIDED,300.00,AUD,881 Owner Funds Introduced,Flatmate Rent (Dan),TBD - Personal Income or Exclude,RECLASSIFY,Flatmate rent (potentially taxable),Personal - flatmate rent
2025-03-15,Received money from JODIE ANN EHMER ATF JAMES ROBERT CLEARY with | reference NOTPROVIDED,300.00,AUD,881 Owner Funds Introduced,Flatmate/Partner Rent,TBD - Personal Income or Exclude,RECLASSIFY,Rent from girlfriend/flatmate,Personal - rent/bills/car
2025-03-19,Received money from JODIE ANN EHMER ATF JAMES ROBERT CLEARY with | reference NOTPROVIDED,300.00,AUD,881 Owner Funds Introduced,Flatmate/Partner Rent,TBD - Personal Income or Exclude,RECLASSIFY,Rent from girlfriend/flatmate,Personal - rent/bills/car
2025-03-23,Received money from JODIE ANN EHMER ATF JAMES ROBERT CLEARY with | reference NOTPROVIDED,500.00,AUD,881 Owner Funds Introduced,Flatmate/Partner Rent,TBD - Personal Income or Exclude,RECLASSIFY,Rent from girlfriend/flatmate,Personal - rent/bills/car
2025-03-26,Received money from JODIE ANN EHMER ATF JAMES ROBERT CLEARY with | reference NOTPROVIDED,100.00,AUD,881 Owner Funds Introduced,Flatmate/Partner Rent,TBD - Personal Income or Exclude,RECLASSIFY,Rent from girlfriend/flatmate,Personal - rent/bills/car
2025-03-26,Received money from MR DANIEL THOMAS SMITH with reference | NOTPROVIDED,300.00,AUD,881 Owner Funds Introduced,Flatmate Rent (Dan),TBD - Personal Income or Exclude,RECLASSIFY,Flatmate rent (potentially taxable),Personal - flatmate rent
2025-03-29,Received money from JODIE ANN EHMER ATF JAMES ROBERT CLEARY with | reference NOTPROVIDED,300.00,AUD,881 Owner Funds Introduced,Flatmate/Partner Rent,TBD - Personal Income or Exclude,RECLASSIFY,Rent from girlfriend/flatmate,Personal - rent/bills/car
2025-04-04,Received money from MR DANIEL THOMAS SMITH with reference | NOTPROVIDED,300.00,AUD,881 Owner Funds Introduced,Flatmate Rent (Dan),TBD - Personal Income or Exclude,RECLASSIFY,Flatmate rent (potentially taxable),Personal - flatmate rent
2025-04-11,Received money from JODIE ANN EHMER ATF JAMES ROBERT CLEARY with | reference NOTPROVIDED,300.00,AUD,881 Owner Funds Introduced,Flatmate/Partner Rent,TBD - Personal Income or Exclude,RECLASSIFY,Rent from girlfriend/flatmate,Personal - rent/bills/car
2025-04-11,Received money from MR DANIEL THOMAS SMITH with reference | NOTPROVIDED,300.00,AUD,881 Owner Funds Introduced,Flatmate Rent (Dan),TBD - Personal Income or Exclude,RECLASSIFY,Flatmate rent (potentially taxable),Personal - flatmate rent
2025-04-12,Received money from JODIE ANN EHMER ATF JAMES ROBERT CLEARY with | reference NOTPROVIDED,300.00,AUD,881 Owner Funds Introduced,Flatmate/Partner Rent,TBD - Personal Income or Exclude,RECLASSIFY,Rent from girlfriend/flatmate,Personal - rent/bills/car
2025-04-15,Received money from MR DANIEL THOMAS SMITH with reference | NOTPROVIDED,300.00,AUD,881 Owner Funds Introduced,Flatmate Rent (Dan),TBD - Personal Income or Exclude,RECLASSIFY,Flatmate rent (potentially taxable),Personal - flatmate rent
2025-04-16,Received money from JODIE ANN EHMER ATF JAMES ROBERT CLEARY with | reference NOTPROVIDED,100.00,AUD,881 Owner Funds Introduced,Flatmate/Partner Rent,TBD - Personal Income or Exclude,RECLASSIFY,Rent from girlfriend/flatmate,Personal - rent/bills/car
2025-04-17,Received money from JODIE ANN EHMER ATF JAMES ROBERT CLEARY with | reference NOTPROVIDED,300.00,AUD,881 Owner Funds Introduced,Flatmate/Partner Rent,TBD - Personal Income or Exclude,RECLASSIFY,Rent from girlfriend/flatmate,Personal - rent/bills/car
2025-04-18,Received money from MORGAN K SCHOERMER with reference | NOTPROVIDED,600.00,AUD,881 Owner Funds Introduced,Personal Transfer (Morgan),881 Owner Funds Introduced,KEEP,Correct,Owner funds in
2025-04-24,Received money from MR DANIEL THOMAS SMITH with reference | NOTPROVIDED,100.00,AUD,881 Owner Funds Introduced,Flatmate Rent (Dan),TBD - Personal Income or Exclude,RECLASSIFY,Flatmate rent (potentially taxable),Personal - flatmate rent
2025-04-27,Received money from ERWIN EDWARD MACDOWELL with reference Loan,500.00,AUD,881 Owner Funds Introduced,Car Sale,Exclude,REMOVE,Personal asset sale,Personal - car sale
2025-05-02,Received money from JODIE ANN EHMER ATF JAMES ROBERT CLEARY with | reference NOTPROVIDED,50.00,AUD,881 Owner Funds Introduced,Flatmate/Partner Rent,TBD - Personal Income or Exclude,RECLASSIFY,Rent from girlfriend/flatmate,Personal - rent/bills/car
2025-05-09,Received money from JODIE ANN EHMER ATF JAMES ROBERT CLEARY with | reference NOTPROVIDED,300.00,AUD,881 Owner Funds Introduced,Flatmate/Partner Rent,TBD - Personal Income or Exclude,RECLASSIFY,Rent from girlfriend/flatmate,Personal - rent/bills/car
2025-05-09,Received money from MR DANIEL THOMAS SMITH with reference | NOTPROVIDED,180.00,AUD,881 Owner Funds Introduced,Flatmate Rent (Dan),TBD - Personal Income or Exclude,RECLASSIFY,Flatmate rent (potentially taxable),Personal - flatmate rent
2025-05-11,Received money from GARY LEE TRIGGS with reference NOTPROVIDED,250.00,AUD,881 Owner Funds Introduced,Car Sale Repayment,Exclude,REMOVE,Car sale repayment,Personal - car sale repayment
2025-05-14,Received money from SEAN MAXWELL FERGUSON with reference Sean,600.00,AUD,881 Owner Funds Introduced,PA Work (Sean),TBD - Consulting Revenue or Personal Income,RECLASSIFY,PA work - clarify if business or personal,Personal - PA work/reimbursements
2025-05-18,Received money from SEAN MAXWELL FERGUSON with reference Sean,100.00,AUD,881 Owner Funds Introduced,PA Work (Sean),TBD - Consulting Revenue or Personal Income,RECLASSIFY,PA work - clarify if business or personal,Personal - PA work/reimbursements
2025-05-19,Received money from MR DANIEL THOMAS SMITH with reference | NOTPROVIDED,300.00,AUD,881 Owner Funds Introduced,Flatmate Rent (Dan),TBD - Personal Income or Exclude,RECLASSIFY,Flatmate rent (potentially taxable),Personal - flatmate rent
2025-05-26,Received money from MR DANIEL THOMAS SMITH with reference | NOTPROVIDED,300.00,AUD,881 Owner Funds Introduced,Flatmate Rent (Dan),TBD - Personal Income or Exclude,RECLASSIFY,Flatmate rent (potentially taxable),Personal - flatmate rent
2025-05-28,Received money from MORGAN K SCHOERMER with reference Fabric,150.00,AUD,881 Owner Funds Introduced,Personal Transfer (Morgan),881 Owner Funds Introduced,KEEP,Correct,Owner funds in
2025-05-28,Received money from JAMES ROBERT CLEARY BUSINESS EVERYDAY AC | with reference NOTPROVIDED,300.00,AUD,881 Owner Funds Introduced,Flatmate/Partner Rent,TBD - Personal Income or Exclude,RECLASSIFY,Rent from girlfriend/flatmate,Personal - rent/bills
2025-05-29,Received money from MORGAN K SCHOERMER with reference Wise,300.00,AUD,881 Owner Funds Introduced,Personal Transfer (Morgan),881 Owner Funds Introduced,KEEP,Correct,Owner funds in
2025-06-02,Received money from COTTON MATILDA ROSE with reference | NOTPROVIDED,1000.00,AUD,881 Owner Funds Introduced,Personal - Matilda,Exclude or Personal Income,RECLASSIFY,Personal transfer,Personal
2025-06-02,Received money from MR DANIEL THOMAS SMITH with reference | NOTPROVIDED,300.00,AUD,881 Owner Funds Introduced,Flatmate Rent (Dan),TBD - Personal Income or Exclude,RECLASSIFY,Flatmate rent (potentially taxable),Personal - flatmate rent
2025-06-03,Received money from Uzziah Leslie Woods with reference,50.00,EUR,881 Owner Funds Introduced,Personal - Uzziah,Exclude or Personal Income,RECLASSIFY,Personal transfer,Personal
2025-06-05,Received money from Uzziah Leslie Woods with reference,1000.00,AUD,881 Owner Funds Introduced,Personal - Uzziah,Exclude or Personal Income,RECLASSIFY,Personal transfer,Personal
2025-06-06,Received money from MORGAN K SCHOERMER with reference Wise,100.00,AUD,881 Owner Funds Introduced,Personal Transfer (Morgan),881 Owner Funds Introduced,KEEP,Correct,Owner funds in
2025-06-06,Received money from LEIF OH LEIF DISTRIBUTION PTY LTD with reference | Wise,450.00,AUD,881 Owner Funds Introduced,Company Transfer (LOLD),881 Owner Funds Introduced,KEEP,Correct,Transfer from company account
2025-06-07,Received money from CRAIG WAH DAY with reference Sup Sup x 2,240.00,AUD,881 Owner Funds Introduced,Personal - Craig,Exclude,REMOVE,Personal transfer/gift,Personal
2025-06-07,Received money from JODIE ANN EHMER ATF JAMES ROBERT CLEARY with | reference NOTPROVIDED,300.00,AUD,881 Owner Funds Introduced,Flatmate/Partner Rent,TBD - Personal Income or Exclude,RECLASSIFY,Rent from girlfriend/flatmate,Personal - rent/bills/car
2025-06-11,Received money from JODIE ANN EHMER ATF JAMES ROBERT CLEARY with | reference NOTPROVIDED,300.00,AUD,881 Owner Funds Introduced,Flatmate/Partner Rent,TBD - Personal Income or Exclude,RECLASSIFY,Rent from girlfriend/flatmate,Personal - rent/bills/car
2025-06-11,Received money from MR DANIEL THOMAS SMITH with reference | NOTPROVIDED,300.00,AUD,881 Owner Funds Introduced,Flatmate Rent (Dan),TBD - Personal Income or Exclude,RECLASSIFY,Flatmate rent (potentially taxable),Personal - flatmate rent
2025-06-11,Received money from MORGAN K SCHOERMER with reference Wise,70.00,AUD,881 Owner Funds Introduced,Personal Transfer (Morgan),881 Owner Funds Introduced,KEEP,Correct,Owner funds in
2025-06-13,Received money from MORGAN K SCHOERMER with reference Wise,2800.00,AUD,881 Owner Funds Introduced,Personal Transfer (Morgan),881 Owner Funds Introduced,KEEP,Correct,Owner funds in
2025-06-15,Received money from JODIE ANN EHMER ATF JAMES ROBERT CLEARY with | reference NOTPROVIDED,150.00,AUD,881 Owner Funds Introduced,Flatmate/Partner Rent,TBD - Personal Income or Exclude,RECLASSIFY,Rent from girlfriend/flatmate,Personal - rent/bills/car
2025-06-20,Received money from JODIE ANN EHMER ATF JAMES ROBERT CLEARY with | reference NOTPROVIDED,300.00,AUD,881 Owner Funds Introduced,Flatmate/Partner Rent,TBD - Personal Income or Exclude,RECLASSIFY,Rent from girlfriend/flatmate,Personal - rent/bills/car
2025-06-22,Received money from MR DANIEL THOMAS SMITH with reference | NOTPROVIDED,300.00,AUD,881 Owner Funds Introduced,Flatmate Rent (Dan),TBD - Personal Income or Exclude,RECLASSIFY,Flatmate rent (potentially taxable),Personal - flatmate rent
2025-06-23,Received money from J CLEARY with reference Funds trns,300.00,AUD,881 Owner Funds Introduced,Flatmate/Partner Rent,TBD - Personal Income or Exclude,RECLASSIFY,Rent from girlfriend/flatmate,Personal - rent/bills
2025-06-24,Received money from MR DANIEL THOMAS SMITH with reference | NOTPROVIDED,300.00,AUD,881 Owner Funds Introduced,Flatmate Rent (Dan),TBD - Personal Income or Exclude,RECLASSIFY,Flatmate rent (potentially taxable),Personal - flatmate rent
2025-06-26,Received money from GARY LEE TRIGGS with reference CAR PAYMENT,250.00,AUD,881 Owner Funds Introduced,Car Sale Repayment,Exclude,REMOVE,Car sale repayment,Personal - car sale repayment
2025-06-27,Received money from JODIE ANN EHMER ATF JAMES ROBERT CLEARY with | reference NOTPROVIDED,300.00,AUD,881 Owner Funds Introduced,Flatmate/Partner Rent,TBD - Personal Income or Exclude,RECLASSIFY,Rent from girlfriend/flatmate,Personal - rent/bills/car
2025-06-28,Received money from JAMES ROBERT CLEARY BUSINESS EVERYDAY AC | with reference NOTPROVIDED,300.00,AUD,881 Owner Funds Introduced,Flatmate/Partner Rent,TBD - Personal Income or Exclude,RECLASSIFY,Rent from girlfriend/flatmate,Personal - rent/bills
2025-07-01,Received money from EWAN JOMAIN with reference NOTPROVIDED,400.00,AUD,881 Owner Funds Introduced,Personal - Ewan,Exclude or Personal Income,RECLASSIFY,Personal transfer,Personal
2025-07-03,Received money from MR DANIEL THOMAS SMITH with reference | NOTPROVIDED,300.00,AUD,881 Owner Funds Introduced,Flatmate Rent (Dan),TBD - Personal Income or Exclude,RECLASSIFY,Flatmate rent (potentially taxable),Personal - flatmate rent
2025-07-05,Received money from JODIE ANN EHMER ATF JAMES ROBERT CLEARY with | reference NOTPROVIDED,300.00,AUD,881 Owner Funds Introduced,Flatmate/Partner Rent,TBD - Personal Income or Exclude,RECLASSIFY,Rent from girlfriend/flatmate,Personal - rent/bills/car
2025-07-10,Received money from MR DANIEL THOMAS SMITH with reference | NOTPROVIDED,300.00,AUD,881 Owner Funds Introduced,Flatmate Rent (Dan),TBD - Personal Income or Exclude,RECLASSIFY,Flatmate rent (potentially taxable),Personal - flatmate rent
2025-07-11,Received money from EWAN JOMAIN with reference NOTPROVIDED,200.00,AUD,881 Owner Funds Introduced,Personal - Ewan,Exclude or Personal Income,RECLASSIFY,Personal transfer,Personal
2025-07-15,Received money from MR DANIEL THOMAS SMITH with reference | NOTPROVIDED,300.00,AUD,881 Owner Funds Introduced,Flatmate Rent (Dan),TBD - Personal Income or Exclude,RECLASSIFY,Flatmate rent (potentially taxable),Personal - flatmate rent
2025-07-16,Received money from EWAN JOMAIN with reference NOTPROVIDED,80.00,AUD,881 Owner Funds Introduced,Personal - Ewan,Exclude or Personal Income,RECLASSIFY,Personal transfer,Personal
2025-07-24,Received money from MR DANIEL THOMAS SMITH with reference | NOTPROVIDED,300.00,AUD,881 Owner Funds Introduced,Flatmate Rent (Dan),TBD - Personal Income or Exclude,RECLASSIFY,Flatmate rent (potentially taxable),Personal - flatmate rent
2025-07-24,Received money from SEAN MAXWELL FERGUSON with reference Sean,300.00,AUD,881 Owner Funds Introduced,PA Work (Sean),TBD - Consulting Revenue or Personal Income,RECLASSIFY,PA work - clarify if business or personal,Personal - PA work/reimbursements
2025-07-27,Received money from JODIE ANN EHMER ATF JAMES ROBERT CLEARY with | reference NOTPROVIDED,300.00,AUD,881 Owner Funds Introduced,Flatmate/Partner Rent,TBD - Personal Income or Exclude,RECLASSIFY,Rent from girlfriend/flatmate,Personal - rent/bills/car
2025-07-29,Received money from MR DANIEL THOMAS SMITH with reference | NOTPROVIDED,315.00,AUD,881 Owner Funds Introduced,Flatmate Rent (Dan),TBD - Personal Income or Exclude,RECLASSIFY,Flatmate rent (potentially taxable),Personal - flatmate rent
2025-07-30,Received money from JODIE ANN EHMER ATF JAMES ROBERT CLEARY with | reference NOTPROVIDED,440.00,AUD,881 Owner Funds Introduced,Flatmate/Partner Rent,TBD - Personal Income or Exclude,RECLASSIFY,Rent from girlfriend/flatmate,Personal - rent/bills/car
2025-08-01,Received money from JODIE ANN EHMER ATF JAMES ROBERT CLEARY with | reference NOTPROVIDED,440.00,AUD,881 Owner Funds Introduced,Flatmate/Partner Rent,TBD - Personal Income or Exclude,RECLASSIFY,Rent from girlfriend/flatmate,Personal - rent/bills/car
2025-08-03,Received money from SEAN MAXWELL FERGUSON with reference Sean,600.00,AUD,881 Owner Funds Introduced,PA Work (Sean),TBD - Consulting Revenue or Personal Income,RECLASSIFY,PA work - clarify if business or personal,Personal - PA work/reimbursements
2025-08-05,Received money from SEAN MAXWELL FERGUSON with reference Sean,308.00,AUD,881 Owner Funds Introduced,PA Work (Sean),TBD - Consulting Revenue or Personal Income,RECLASSIFY,PA work - clarify if business or personal,Personal - PA work/reimbursements
2025-08-07,Received money from MR DANIEL THOMAS SMITH with reference | NOTPROVIDED,300.00,AUD,881 Owner Funds Introduced,Flatmate Rent (Dan),TBD - Personal Income or Exclude,RECLASSIFY,Flatmate rent (potentially taxable),Personal - flatmate rent
2025-08-08,Received money from SEAN MAXWELL FERGUSON with reference Aus win,600.00,AUD,881 Owner Funds Introduced,PA Work (Sean),TBD - Consulting Revenue or Personal Income,RECLASSIFY,PA work - clarify if business or personal,Personal - PA work/reimbursements
2025-08-09,Received money from SEAN MAXWELL FERGUSON with reference Rent,300.00,AUD,881 Owner Funds Introduced,PA Work (Sean),TBD - Consulting Revenue or Personal Income,RECLASSIFY,PA work - clarify if business or personal,Personal - PA work/reimbursements
2025-08-10,Received money from SEAN MAXWELL FERGUSON with reference Rent,300.00,AUD,881 Owner Funds Introduced,PA Work (Sean),TBD - Consulting Revenue or Personal Income,RECLASSIFY,PA work - clarify if business or personal,Personal - PA work/reimbursements
2025-08-12,Received money from MORGAN K SCHOERMER with reference Flights,500.00,AUD,881 Owner Funds Introduced,Personal Transfer (Morgan),881 Owner Funds Introduced,KEEP,Correct,Owner funds in
2025-08-14,"Received money from SEAN MAXWELL FERGUSON with reference Candles, | AirPods and Fat Cat Items",800.00,AUD,881 Owner Funds Introduced,PA Work (Sean),TBD - Consulting Revenue or Personal Income,RECLASSIFY,PA work - clarify if business or personal,Personal - PA work/reimbursements
2025-08-15,Received money from CORY GENE EATON with reference Concert tickets,600.00,AUD,881 Owner Funds Introduced,Personal - Cory Eaton,Exclude,REMOVE,Personal transfer/gift,Personal
2025-08-16,Received money from SEAN MAXWELL FERGUSON with reference Winning,800.00,AUD,881 Owner Funds Introduced,PA Work (Sean),TBD - Consulting Revenue or Personal Income,RECLASSIFY,PA work - clarify if business or personal,Personal - PA work/reimbursements
2025-08-18,Received money from MR DANIEL THOMAS SMITH with reference | NOTPROVIDED,225.00,AUD,881 Owner Funds Introduced,Flatmate Rent (Dan),TBD - Personal Income or Exclude,RECLASSIFY,Flatmate rent (potentially taxable),Personal - flatmate rent
2025-08-18,Received money from SKY POINT ROOFING PTY LTD ATF JM STEVENS | FAMILY TRUST with reference NOTPROVIDED,1400.00,AUD,881 Owner Funds Introduced,Roofing/Labouring Income,Personal Income (exclude from business),RECLASSIFY,Manual labour (not LOLD business),Personal - labouring income
2025-08-25,"Received money from SEAN MAXWELL FERGUSON with reference Candles, | AirPods and Fat Cat Items",900.00,AUD,881 Owner Funds Introduced,PA Work (Sean),TBD - Consulting Revenue or Personal Income,RECLASSIFY,PA work - clarify if business or personal,Personal - PA work/reimbursements
2025-08-29,Received money from SEAN MAXWELL FERGUSON with reference Rent,1100.00,AUD,881 Owner Funds Introduced,PA Work (Sean),TBD - Consulting Revenue or Personal Income,RECLASSIFY,PA work - clarify if business or personal,Personal - PA work/reimbursements
2025-08-30,Received money from JODIE ANN EHMER ATF JAMES ROBERT CLEARY with | reference NOTPROVIDED,300.00,AUD,881 Owner Funds Introduced,Flatmate/Partner Rent,TBD - Personal Income or Exclude,RECLASSIFY,Rent from girlfriend/flatmate,Personal - rent/bills/car
2025-09-04,Received money from JODIE ANN EHMER ATF JAMES ROBERT CLEARY with | reference NOTPROVIDED,600.00,AUD,881 Owner Funds Introduced,Flatmate/Partner Rent,TBD - Personal Income or Exclude,RECLASSIFY,Rent from girlfriend/flatmate,Personal - rent/bills/car
2025-09-05,Received money from JODIE ANN EHMER ATF JAMES ROBERT CLEARY with | reference NOTPROVIDED,300.00,AUD,881 Owner Funds Introduced,Flatmate/Partner Rent,TBD - Personal Income or Exclude,RECLASSIFY,Rent from girlfriend/flatmate,Personal - rent/bills/car
2025-09-09,Received money from JODIE ANN EHMER ATF JAMES ROBERT CLEARY with | reference NOTPROVIDED,300.00,AUD,881 Owner Funds Introduced,Flatmate/Partner Rent,TBD - Personal Income or Exclude,RECLASSIFY,Rent from girlfriend/flatmate,Personal - rent/bills/car
2025-09-09,Received money from MORGAN K SCHOERMER with reference Fabric,900.00,AUD,881 Owner Funds Introduced,Personal Transfer (Morgan),881 Owner Funds Introduced,KEEP,Correct,Owner funds in
2025-09-10,Received money from MR DANIEL THOMAS SMITH with reference | NOTPROVIDED,295.00,AUD,881 Owner Funds Introduced,Flatmate Rent (Dan),TBD - Personal Income or Exclude,RECLASSIFY,Flatmate rent (potentially taxable),Personal - flatmate rent
2025-09-10,Received money from MR DANIEL THOMAS SMITH with reference Test,5.00,AUD,881 Owner Funds Introduced,Flatmate Rent (Dan),TBD - Personal Income or Exclude,RECLASSIFY,Flatmate rent (potentially taxable),Personal - flatmate rent
2025-09-11,Received money from SEAN MAXWELL FERGUSON with reference 4 x tyres,2400.00,AUD,881 Owner Funds Introduced,PA Work (Sean),TBD - Consulting Revenue or Personal Income,RECLASSIFY,PA work - clarify if business or personal,Personal - PA work/reimbursements
2025-09-11,Received money from LEIF OH LEIF DISTRIBUTION PTY LTD with reference | Wise,400.00,AUD,881 Owner Funds Introduced,Company Transfer (LOLD),881 Owner Funds Introduced,KEEP,Correct,Transfer from company account
2025-09-13,Received money from JODIE ANN EHMER ATF JAMES ROBERT CLEARY with | reference NOTPROVIDED,240.00,AUD,881 Owner Funds Introduced,Flatmate/Partner Rent,TBD - Personal Income or Exclude,RECLASSIFY,Rent from girlfriend/flatmate,Personal - rent/bills/car
2025-09-17,Received money from MR DANIEL THOMAS SMITH with reference | NOTPROVIDED,300.00,AUD,881 Owner Funds Introduced,Flatmate Rent (Dan),TBD - Personal Income or Exclude,RECLASSIFY,Flatmate rent (potentially taxable),Personal - flatmate rent
2025-09-23,Received money from MR DANIEL THOMAS SMITH with reference | NOTPROVIDED,300.00,AUD,881 Owner Funds Introduced,Flatmate Rent (Dan),TBD - Personal Income or Exclude,RECLASSIFY,Flatmate rent (potentially taxable),Personal - flatmate rent
2025-09-25,Received money from SEAN MAXWELL FERGUSON with reference Honda | civic car repair. Thanks mate,1220.00,AUD,881 Owner Funds Introduced,PA Work (Sean),TBD - Consulting Revenue or Personal Income,RECLASSIFY,PA work - clarify if business or personal,Personal - PA work/reimbursements
2025-09-27,Received money from SKY POINT ROOFING PTY LTD ATF JM STEVENS | FAMILY TRUST with reference NOTPROVIDED,1500.00,AUD,881 Owner Funds Introduced,Roofing/Labouring Income,Personal Income (exclude from business),RECLASSIFY,Manual labour (not LOLD business),Personal - labouring income
2025-09-29,Received money from MR DANIEL THOMAS SMITH with reference | NOTPROVIDED,300.00,AUD,881 Owner Funds Introduced,Flatmate Rent (Dan),TBD - Personal Income or Exclude,RECLASSIFY,Flatmate rent (potentially taxable),Personal - flatmate rent
2025-09-30,Received money from SEAN MAXWELL FERGUSON with reference Rent,1100.00,AUD,881 Owner Funds Introduced,PA Work (Sean),TBD - Consulting Revenue or Personal Income,RECLASSIFY,PA work - clarify if business or personal,Personal - PA work/reimbursements
2025-10-01,Received money from MAXINE LUCIA PEMBLE with reference Ricky pay back,1660.80,AUD,881 Owner Funds Introduced,Other/Unknown,NEEDS REVIEW,RECLASSIFY,Requires manual review,Personal - loan repayment (not taxable)
2025-10-02,Received money from SEAN MAXWELL FERGUSON with reference Honda | civic car repair. Thanks mate,900.00,AUD,881 Owner Funds Introduced,PA Work (Sean),TBD - Consulting Revenue or Personal Income,RECLASSIFY,PA work - clarify if business or personal,Personal - PA work/reimbursements
2025-10-08,Received money from SKY POINT ROOFING PTY LTD ATF JM STEVENS | FAMILY TRUST with reference NOTPROVIDED,1150.00,AUD,881 Owner Funds Introduced,Roofing/Labouring Income,Personal Income (exclude from business),RECLASSIFY,Manual labour (not LOLD business),Personal - labouring income
2025-10-09,Received money from SEAN MAXWELL FERGUSON with reference Rent,1100.00,AUD,881 Owner Funds Introduced,PA Work (Sean),TBD - Consulting Revenue or Personal Income,RECLASSIFY,PA work - clarify if business or personal,Personal - PA work/reimbursements
2025-10-09,Received money from MR DANIEL THOMAS SMITH with reference | NOTPROVIDED,300.00,AUD,881 Owner Funds Introduced,Flatmate Rent (Dan),TBD - Personal Income or Exclude,RECLASSIFY,Flatmate rent (potentially taxable),Personal - flatmate rent
2025-10-10,Received money from SEAN MAXWELL FERGUSON with reference Body corp | fees,600.00,AUD,881 Owner Funds Introduced,PA Work (Sean),TBD - Consulting Revenue or Personal Income,RECLASSIFY,PA work - clarify if business or personal,Personal - PA work/reimbursements
2025-10-14,"Received money from schoermer, corey reed with reference NOTPROVIDED",1000.00,AUD,881 Owner Funds Introduced,Family - Corey Reed,Exclude,REMOVE,Family transfer,Owner funds in - family
2025-10-14,Received money from MR DANIEL THOMAS SMITH with reference | NOTPROVIDED,300.00,AUD,881 Owner Funds Introduced,Flatmate Rent (Dan),TBD - Personal Income or Exclude,RECLASSIFY,Flatmate rent (potentially taxable),Personal - flatmate rent
2025-10-19,Received money from SEAN MAXWELL FERGUSON with reference Rent,50.00,AUD,881 Owner Funds Introduced,PA Work (Sean),TBD - Consulting Revenue or Personal Income,RECLASSIFY,PA work - clarify if business or personal,Personal - PA work/reimbursements
2025-10-22,Received money from MR DANIEL THOMAS SMITH with reference | NOTPROVIDED,300.00,AUD,881 Owner Funds Introduced,Flatmate Rent (Dan),TBD - Personal Income or Exclude,RECLASSIFY,Flatmate rent (potentially taxable),Personal - flatmate rent
2025-10-24,Received money from SEAN MAXWELL FERGUSON with reference Rent,900.00,AUD,881 Owner Funds Introduced,PA Work (Sean),TBD - Consulting Revenue or Personal Income,RECLASSIFY,PA work - clarify if business or personal,Personal - PA work/reimbursements
2025-10-25,Received money from STEVENS JAMAAL MAX with reference NOTPROVIDED,1250.00,AUD,881 Owner Funds Introduced,Roofing/Labouring Income,Personal Income (exclude from business),RECLASSIFY,Manual labour (not LOLD business),Personal - labouring (Sky Point)
2025-10-28,Received money from MORGAN K SCHOERMER with reference Fabric,2000.00,AUD,881 Owner Funds Introduced,Personal Transfer (Morgan),881 Owner Funds Introduced,KEEP,Correct,Owner funds in
2025-10-30,Received money from SEAN MAXWELL FERGUSON with reference Rent,600.00,AUD,881 Owner Funds Introduced,PA Work (Sean),TBD - Consulting Revenue or Personal Income,RECLASSIFY,PA work - clarify if business or personal,Personal - PA work/reimbursements
2025-10-30,Received money from MR DANIEL THOMAS SMITH with reference | NOTPROVIDED,300.00,AUD,881 Owner Funds Introduced,Flatmate Rent (Dan),TBD - Personal Income or Exclude,RECLASSIFY,Flatmate rent (potentially taxable),Personal - flatmate rent
2025-11-01,Received money from SEAN MAXWELL FERGUSON with reference Rent,300.00,AUD,881 Owner Funds Introduced,PA Work (Sean),TBD - Consulting Revenue or Personal Income,RECLASSIFY,PA work - clarify if business or personal,Personal - PA work/reimbursements
2025-11-04,Received money from MR DANIEL THOMAS SMITH with reference | NOTPROVIDED,300.00,AUD,881 Owner Funds Introduced,Flatmate Rent (Dan),TBD - Personal Income or Exclude,RECLASSIFY,Flatmate rent (potentially taxable),Personal - flatmate rent
2025-11-07,Received money from SEAN MAXWELL FERGUSON with reference rent,750.00,AUD,881 Owner Funds Introduced,PA Work (Sean),TBD - Consulting Revenue or Personal Income,RECLASSIFY,PA work - clarify if business or personal,Personal - PA work/reimbursements
2025-11-07,Received money from SEAN MAXWELL FERGUSON with reference rent,2700.00,AUD,881 Owner Funds Introduced,PA Work (Sean),TBD - Consulting Revenue or Personal Income,RECLASSIFY,PA work - clarify if business or personal,Personal - PA work/reimbursements
2025-11-08,Received money from SKY POINT ROOFING PTY LTD ATF JM STEVENS | FAMILY TRUST with reference NOTPROVIDED,1000.00,AUD,881 Owner Funds Introduced,Roofing/Labouring Income,Personal Income (exclude from business),RECLASSIFY,Manual labour (not LOLD business),Personal - labouring income
2025-11-11,Received money from MR DANIEL THOMAS SMITH with reference | NOTPROVIDED,300.00,AUD,881 Owner Funds Introduced,Flatmate Rent (Dan),TBD - Personal Income or Exclude,RECLASSIFY,Flatmate rent (potentially taxable),Personal - flatmate rent
2025-11-13,Received money from Matilda Cotton with reference,500.00,AUD,881 Owner Funds Introduced,Personal - Matilda,Exclude or Personal Income,RECLASSIFY,Personal transfer,Personal
2025-11-13,Received money from SEAN MAXWELL FERGUSON with reference Rent,1350.00,AUD,881 Owner Funds Introduced,PA Work (Sean),TBD - Consulting Revenue or Personal Income,RECLASSIFY,PA work - clarify if business or personal,Personal - PA work/reimbursements
2025-11-16,Received money from SEAN MAXWELL FERGUSON with reference Rental | bond,1800.00,AUD,881 Owner Funds Introduced,PA Work (Sean),TBD - Consulting Revenue or Personal Income,RECLASSIFY,PA work - clarify if business or personal,Personal - PA work/reimbursements
2025-11-20,Received money from MR DANIEL THOMAS SMITH with reference | NOTPROVIDED,300.00,AUD,881 Owner Funds Introduced,Flatmate Rent (Dan),TBD - Personal Income or Exclude,RECLASSIFY,Flatmate rent (potentially taxable),Personal - flatmate rent
2025-11-20,Received money from JAMES ROBERT CLEARY with reference Car,150.00,AUD,881 Owner Funds Introduced,Flatmate/Partner Rent,TBD - Personal Income or Exclude,RECLASSIFY,Rent from girlfriend/flatmate,Personal - rent/bills/car
2025-11-21,Received money from GARY LEE TRIGGS with reference CAR PAYMENT,200.00,AUD,881 Owner Funds Introduced,Car Sale Repayment,Exclude,REMOVE,Car sale repayment,Personal - car sale repayment
2025-11-22,Received money from SKY POINT ROOFING PTY LTD ATF JM STEVENS | FAMILY TRUST with reference NOTPROVIDED,250.00,AUD,881 Owner Funds Introduced,Roofing/Labouring Income,Personal Income (exclude from business),RECLASSIFY,Manual labour (not LOLD business),Personal - labouring income
2025-11-22,Received money from SKY POINT ROOFING PTY LTD ATF JM STEVENS | FAMILY TRUST with reference NOTPROVIDED,1000.00,AUD,881 Owner Funds Introduced,Roofing/Labouring Income,Personal Income (exclude from business),RECLASSIFY,Manual labour (not LOLD business),Personal - labouring income
2025-11-23,Received money from GARY LEE TRIGGS with reference CAR PAYMENT,200.00,AUD,881 Owner Funds Introduced,Car Sale Repayment,Exclude,REMOVE,Car sale repayment,Personal - car sale repayment
2025-11-24,Received money from SEAN MAXWELL FERGUSON with reference Rent,1500.00,AUD,881 Owner Funds Introduced,PA Work (Sean),TBD - Consulting Revenue or Personal Income,RECLASSIFY,PA work - clarify if business or personal,Personal - PA work/reimbursements
2025-11-26,Received money from SKY POINT ROOFING PTY LTD ATF JM STEVENS | FAMILY TRUST with reference NOTPROVIDED,500.00,AUD,881 Owner Funds Introduced,Roofing/Labouring Income,Personal Income (exclude from business),RECLASSIFY,Manual labour (not LOLD business),Personal - labouring income
2025-11-26,Received money from MR DANIEL THOMAS SMITH with reference | NOTPROVIDED,300.00,AUD,881 Owner Funds Introduced,Flatmate Rent (Dan),TBD - Personal Income or Exclude,RECLASSIFY,Flatmate rent (potentially taxable),Personal - flatmate rent
2025-11-27,Received money from JAMES ROBERT CLEARY with reference Car,200.00,AUD,881 Owner Funds Introduced,Flatmate/Partner Rent,TBD - Personal Income or Exclude,RECLASSIFY,Rent from girlfriend/flatmate,Personal - rent/bills/car
2025-12-03,Received money from Calotte PM P L P with reference Calotte PM P L,710.00,AUD,881 Owner Funds Introduced,Other/Unknown,NEEDS REVIEW,RECLASSIFY,Requires manual review,Personal - rent
2025-12-03,Received money from SEAN MAXWELL FERGUSON with reference Rent,1200.00,AUD,881 Owner Funds Introduced,PA Work (Sean),TBD - Consulting Revenue or Personal Income,RECLASSIFY,PA work - clarify if business or personal,Personal - PA work/reimbursements
2025-12-03,Received money from JAMES ROBERT CLEARY with reference Car,150.00,AUD,881 Owner Funds Introduced,Flatmate/Partner Rent,TBD - Personal Income or Exclude,RECLASSIFY,Rent from girlfriend/flatmate,Personal - rent/bills/car
2025-12-23,Received money from MORGAN K SCHOERMER with reference NZ accom,2600.00,AUD,881 Owner Funds Introduced,Personal Transfer (Morgan),881 Owner Funds Introduced,KEEP,Correct,Owner funds in
2025-12-25,Received money from STEVENS JAMAAL MAX with reference NOTPROVIDED,750.00,AUD,881 Owner Funds Introduced,Roofing/Labouring Income,Personal Income (exclude from business),RECLASSIFY,Manual labour (not LOLD business),Personal - labouring (Sky Point)
2026-01-01,Received money from SEAN MAXWELL FERGUSON with reference Sean rent,750.00,AUD,881 Owner Funds Introduced,PA Work (Sean),TBD - Consulting Revenue or Personal Income,RECLASSIFY,PA work - clarify if business or personal,Personal - PA work/reimbursements
2026-01-08,Received money from JAMES ROBERT CLEARY with reference Bills,250.00,AUD,881 Owner Funds Introduced,Flatmate/Partner Rent,TBD - Personal Income or Exclude,RECLASSIFY,Rent from girlfriend/flatmate,Personal - rent/bills/car
2026-01-09,Received money from SKY POINT ROOFING PTY LTD ATF JM STEVENS | FAMILY TRUST with reference NOTPROVIDED,999.00,AUD,881 Owner Funds Introduced,Roofing/Labouring Income,Personal Income (exclude from business),RECLASSIFY,Manual labour (not LOLD business),Personal - labouring income
2026-01-14,Received money from GARY LEE TRIGGS with reference CAR PAYMENT,200.00,AUD,881 Owner Funds Introduced,Car Sale Repayment,Exclude,REMOVE,Car sale repayment,Personal - car sale repayment
2026-01-17,Received money from GARY LEE TRIGGS with reference CAR PAYMENT,200.00,AUD,881 Owner Funds Introduced,Car Sale Repayment,Exclude,REMOVE,Car sale repayment,Personal - car sale repayment
2026-01-26,Received money from GARY LEE TRIGGS with reference CAR PAYMENT,180.00,AUD,881 Owner Funds Introduced,Car Sale Repayment,Exclude,REMOVE,Car sale repayment,Personal - car sale repayment
2026-01-26,Received money from GARY LEE TRIGGS with reference CAR PAYMENT tires,300.00,AUD,881 Owner Funds Introduced,Car Sale Repayment,Exclude,REMOVE,Car sale repayment,Personal - car sale repayment
2026-02-03,Received money from MR DANIEL THOMAS SMITH with reference | NOTPROVIDED,40.00,AUD,881 Owner Funds Introduced,Flatmate Rent (Dan),TBD - Personal Income or Exclude,RECLASSIFY,Flatmate rent (potentially taxable),Personal - flatmate rent
2026-02-06,Received money from SKY POINT ROOFING PTY LTD ATF JM STEVENS | FAMILY TRUST with reference NOTPROVIDED,1000.00,AUD,881 Owner Funds Introduced,Roofing/Labouring Income,Personal Income (exclude from business),RECLASSIFY,Manual labour (not LOLD business),Personal - labouring income
2026-02-10,Received money from GARY LEE TRIGGS with reference CAR PAYMENT,50.00,AUD,881 Owner Funds Introduced,Car Sale Repayment,Exclude,REMOVE,Car sale repayment,Personal - car sale repayment
2026-02-13,Received money from SKY POINT ROOFING PTY LTD ATF JM STEVENS | FAMILY TRUST with reference NOTPROVIDED,1000.00,AUD,881 Owner Funds Introduced,Roofing/Labouring Income,Personal Income (exclude from business),RECLASSIFY,Manual labour (not LOLD business),Personal - labouring income
